{
  "definitions": {},
  "$schema": "http://json-schema.org/draft-07/schema#",
  "type": "object",
  "properties": {
    "Id": {
      "title": "Id",
      "type": "string",
      "default": ""
    },
    "roomNumber": {
      "title": "roomNumber",
      "type": "string",
      "default": ""
    },
    "bathroomNumber": {
      "title": "bathroomNumber",
      "type": "string",
      "default": ""
    }
  },
  "required": ["Id", "roomNumber","bathroomNumber"],
  "additionalProperties": false
}